dist,age,room,school,price
2.0,12,3,1,17748.526690966486
2.048048048048048,15,3,1,15734.58664255385
2.096096096096096,21,4,0,17801.694257246614
2.144144144144144,0,3,1,20155.145307769406
2.1921921921921923,3,4,0,18883.183762389333
2.24024024024024,27,9,0,10432.833186161988
2.2882882882882885,3,6,1,20214.753135542112
2.3363363363363363,7,5,1,18442.3931474145
2.3843843843843846,9,6,1,18189.747525600444
2.4324324324324325,19,2,1,23308.628141611232
2.4804804804804803,21,6,0,17528.571093276827
2.5285285285285286,18,9,0,18868.78949640635
2.5765765765765765,4,3,1,17970.85944472676
2.6246246246246248,23,6,1,11340.353502800139
2.6726726726726726,6,7,0,19094.557284051007
2.7207207207207205,24,5,0,19054.65919280653
2.7687687687687688,24,1,0,10371.470784443085
2.816816816816817,12,9,1,22343.02355511755
2.864864864864865,26,6,1,15592.325579217397
2.9129129129129128,1,6,0,21043.409597885675
2.960960960960961,6,6,1,21412.63385078178
3.009009009009009,7,2,0,26710.52824871736
3.057057057057057,23,1,1,16104.31178641266
3.105105105105105,14,1,0,19799.86367587355
3.153153153153153,24,1,1,17011.037352678064
3.201201201201201,17,1,1,17092.535623876593
3.2492492492492495,5,1,0,20311.3339419464
3.2972972972972974,25,8,0,14247.9648489259
3.3453453453453452,13,7,0,22330.05537155956
3.393393393393393,8,4,0,18309.228913383264
3.4414414414414414,9,6,1,22237.331127993973
3.4894894894894897,20,5,0,22048.102780759404
3.5375375375375375,19,4,1,13454.127999816603
3.5855855855855854,16,5,0,15807.157614316493
3.6336336336336337,19,6,0,13463.371095029775
3.681681681681682,5,2,0,26442.682050702948
3.72972972972973,15,4,1,18893.168922128723
3.7777777777777777,15,7,1,18212.17945807747
3.8258258258258255,0,8,1,26859.22552509425
3.873873873873874,18,5,0,21530.065689318544
3.921921921921922,3,1,0,23282.571221510443
3.96996996996997,24,1,1,13928.189513252059
4.018018018018018,17,8,1,19531.79503897393
4.066066066066066,19,4,1,14906.888815606215
4.114114114114114,29,4,0,4194.295040565175
4.162162162162162,19,1,0,13416.058018485346
4.21021021021021,19,1,1,13163.574361937002
4.258258258258259,14,5,0,17196.400377786995
4.306306306306306,7,5,1,20713.58835783111
4.354354354354355,0,6,1,22277.49238229551
4.402402402402402,1,9,1,25497.065338260545
4.45045045045045,9,9,0,28131.653090503776
4.498498498498499,25,1,0,13681.517526658656
4.546546546546546,0,2,1,20083.658932472186
4.594594594594595,10,6,1,19174.71336679713
4.642642642642643,20,7,0,22345.549329126523
4.6906906906906904,23,2,1,18225.326003954146
4.738738738738739,3,5,1,23185.876930364855
4.786786786786786,11,1,1,24001.602263954723
4.834834834834835,18,5,1,19960.87230206553
4.882882882882883,23,8,0,13526.144388490742
4.930930930930931,28,8,1,10850.879951628089
4.978978978978979,2,8,1,20700.840004555466
5.027027027027027,0,7,0,28525.59249695904
5.075075075075075,0,3,1,18323.543569700636
5.123123123123123,4,7,0,22822.67624599324
5.171171171171171,21,1,1,11046.013576427831
5.2192192192192195,5,3,0,17477.437316135285
5.267267267267267,6,8,1,26310.799342585276
5.315315315315315,8,8,0,22777.763784042272
5.363363363363364,20,3,1,16541.702862791408
5.411411411411411,17,7,1,15209.269912113072
5.45945945945946,15,2,0,24613.859628372964
5.5075075075075075,4,4,0,23452.583879715377
5.555555555555555,9,8,0,19776.52585032401
5.603603603603604,10,1,1,18235.8812073828
5.651651651651651,26,6,1,9125.271043503933
5.6996996996997,24,5,0,9951.491542575124
5.747747747747748,1,6,0,22704.65401396392
5.7957957957957955,1,6,1,20708.517081790487
5.843843843843844,7,4,0,23551.768736936272
5.891891891891891,9,9,0,27083.72840462887
5.93993993993994,25,1,0,7441.596724082816
5.987987987987988,3,2,0,26368.427418321997
6.036036036036036,6,6,0,21745.960589167786
6.084084084084084,23,5,0,18479.280975912825
6.132132132132132,11,2,0,15960.150205535094
6.18018018018018,14,6,0,24471.015278502673
6.228228228228228,18,1,1,15642.943749256645
6.276276276276276,27,7,0,15667.841785563847
6.324324324324325,0,9,0,27090.137526378858
6.372372372372372,14,9,1,17955.215184516557
6.42042042042042,3,7,1,22743.783417227583
6.468468468468468,21,4,1,10842.228871087533
6.516516516516517,12,5,1,16321.155249438792
6.564564564564565,25,5,0,9890.746900190967
6.612612612612613,10,4,0,16796.949264842053
6.66066066066066,20,7,1,13485.398824747283
6.708708708708708,11,6,1,22733.92594684336
6.756756756756757,4,9,1,29338.71022985856
6.804804804804805,6,2,0,19173.07661377124
6.852852852852853,4,4,1,17801.75757878868
6.900900900900901,15,9,1,18508.99803650345
6.948948948948949,20,2,0,11482.191519449505
6.996996996996997,3,6,0,17937.068775369462
7.045045045045045,12,9,1,25173.482347004192
7.093093093093093,4,1,0,17762.328212287794
7.141141141141141,20,4,1,12130.499673333397
7.1891891891891895,8,8,1,22672.43211769047
7.237237237237237,14,2,0,14467.17011250869
7.285285285285285,15,8,1,21849.90522016021
7.333333333333333,20,9,1,18116.143324696244
7.381381381381381,3,1,1,19582.160855430084
7.42942942942943,26,8,0,13780.075420728184
7.4774774774774775,23,6,0,9888.122352476548
7.525525525525525,15,7,0,15679.22864571806
7.573573573573573,13,9,1,18729.195657985143
7.621621621621622,21,8,0,13956.717251400461
7.66966966966967,21,6,1,13471.933806759662
7.717717717717718,16,2,1,14019.482560462651
7.7657657657657655,17,1,1,14231.259053794634
7.813813813813813,5,1,1,19857.39132053299
7.861861861861862,9,6,0,17219.59691371478
7.90990990990991,3,7,1,22524.222444202747
7.957957957957958,0,4,1,20960.358276542895
8.006006006006006,5,7,1,18176.996522138885
8.054054054054054,0,2,1,20167.784206188924
8.102102102102101,17,8,0,18569.07932698816
8.15015015015015,18,8,1,14331.322911719551
8.198198198198199,4,1,1,16975.165213962442
8.246246246246246,2,8,1,19292.970792312408
8.294294294294295,16,7,1,22142.32620250744
8.342342342342342,29,1,1,3896.8293140444584
8.39039039039039,3,5,0,18339.36147323114
8.438438438438439,2,3,0,18212.381008800017
8.486486486486488,10,8,0,23588.441324959553
8.534534534534535,13,6,1,18213.685156469764
8.582582582582582,16,3,0,18544.679694908173
8.63063063063063,7,9,1,28526.010136654742
8.67867867867868,21,6,1,16375.555919399212
8.726726726726728,9,7,1,20076.581714306703
8.774774774774775,0,7,0,20700.45032804608
8.822822822822822,10,5,1,18059.915300634515
8.87087087087087,18,2,1,15120.69860391041
8.91891891891892,11,6,0,16007.164569304423
8.966966966966968,26,5,1,6916.899887151052
9.015015015015015,23,6,1,17792.4808932725
9.063063063063062,27,6,1,8237.210098228239
9.11111111111111,2,7,1,27994.629320791122
9.15915915915916,25,4,0,10986.75678361745
9.207207207207208,2,9,0,22268.457352870817
9.255255255255255,3,2,1,24523.454117066343
9.303303303303302,27,5,1,8965.234710479497
9.35135135135135,3,3,0,20196.356520676734
9.3993993993994,18,8,0,23469.616465215808
9.447447447447448,14,5,1,15508.033564646099
9.495495495495495,3,2,0,16990.099713343116
9.543543543543542,20,9,0,15856.622868780049
9.591591591591591,17,3,1,15438.875411324514
9.63963963963964,18,4,0,16400.248873077002
9.687687687687689,27,4,0,11334.668035131106
9.735735735735735,14,5,0,14974.306561784402
9.783783783783782,9,2,0,21357.6656189933
9.831831831831831,26,7,0,8715.926234707425
9.87987987987988,1,3,0,20442.753238164576
9.927927927927929,4,6,1,23024.919527078033
9.975975975975976,10,5,1,16261.605097158155
10.024024024024024,22,2,1,9489.188652520614
10.072072072072071,11,6,0,23056.623037030855
10.12012012012012,8,5,0,16457.75735167036
10.168168168168169,11,6,1,25444.255203933226
10.216216216216216,2,8,0,25497.70880815048
10.264264264264265,19,5,1,19434.275471843655
10.312312312312311,16,5,0,17722.00120670479
10.36036036036036,0,3,1,18953.506705625983
10.408408408408409,22,3,1,9548.845872305184
10.456456456456456,0,2,1,19694.826399172623
10.504504504504505,6,4,1,26658.54393837817
10.552552552552552,19,1,1,15282.610232912251
10.6006006006006,14,2,1,13710.962115818369
10.64864864864865,10,2,0,17473.457766600797
10.696696696696696,19,7,0,16946.797225047343
10.744744744744745,24,9,0,8931.228108017058
10.792792792792794,28,7,1,11592.987591241526
10.84084084084084,8,4,0,21578.279749836365
10.88888888888889,13,1,1,18167.82474090588
10.936936936936936,24,8,0,8634.031113164416
10.984984984984985,29,4,1,1256.5875650386206
11.033033033033034,2,3,1,17673.54853721042
11.08108108108108,3,6,0,17972.26311720627
11.12912912912913,2,8,1,21958.29022351084
11.177177177177176,11,4,1,22007.100186978005
11.225225225225225,13,5,1,18307.051023806518
11.273273273273274,16,8,0,14609.232196121904
11.32132132132132,8,7,1,27359.955682944717
11.36936936936937,8,8,0,18262.365546987498
11.417417417417417,19,4,1,19089.29831436189
11.465465465465465,8,7,1,17226.835730090035
11.513513513513514,26,4,1,5853.304372973989
11.561561561561561,2,8,1,20636.111216401318
11.60960960960961,24,2,1,7662.297830265281
11.657657657657657,20,4,1,10269.421944222966
11.705705705705705,3,8,0,20621.8909056504
11.753753753753754,12,9,0,21228.982284932994
11.801801801801801,29,9,1,6207.788428526546
11.84984984984985,14,5,1,14140.28425760012
11.897897897897899,0,6,1,19119.80237531976
11.945945945945946,4,4,1,25662.17380033296
11.993993993993994,3,7,0,17971.476565791887
12.042042042042041,13,7,0,17836.63320091256
12.09009009009009,11,3,0,21239.01914920607
12.138138138138139,28,4,1,1640.0125550076136
12.186186186186186,22,6,0,9096.728757338396
12.234234234234235,13,8,0,20121.851186658598
12.282282282282281,25,1,1,10276.890171584648
12.33033033033033,13,8,0,17925.849894558396
12.378378378378379,11,2,0,19591.03150800608
12.426426426426426,24,3,0,13028.143301979511
12.474474474474475,16,6,1,14564.257471979114
12.522522522522522,24,1,0,15431.116446225418
12.57057057057057,29,6,1,526.2894343593143
12.618618618618619,21,9,1,16990.592676009644
12.666666666666666,14,9,0,21854.110578267268
12.714714714714715,25,3,0,4376.893294690164
12.762762762762762,16,6,0,12794.215867377217
12.81081081081081,28,4,0,853.6950419994864
12.85885885885886,25,2,0,5361.287034105049
12.906906906906906,22,8,0,9838.072677934753
12.954954954954955,21,4,1,9683.558155996765
13.003003003003004,29,9,1,6569.706542792463
13.05105105105105,19,6,1,19202.973389487554
13.0990990990991,1,6,0,24545.970803905835
13.147147147147146,8,2,0,16682.345857116667
13.195195195195195,0,8,0,21486.356727957
13.243243243243244,4,3,1,21862.470657910886
13.29129129129129,27,2,1,2269.659637387049
13.33933933933934,27,1,0,5730.996648836452
13.387387387387387,25,2,1,8434.341319870377
13.435435435435435,6,1,1,20111.293217378377
13.483483483483484,21,2,1,8231.882866867341
13.531531531531531,13,2,0,14933.333598045414
13.57957957957958,7,7,1,26461.031615461943
13.627627627627627,24,9,0,7699.706584127862
13.675675675675675,24,9,1,8815.30821890276
13.723723723723724,15,4,1,14650.836436131442
13.771771771771771,9,3,1,20037.329569692745
13.81981981981982,18,1,0,10436.802954833236
13.867867867867869,8,8,0,17537.744832097735
13.915915915915916,22,5,0,12280.60144626717
13.963963963963964,15,7,0,20766.243431665473
14.012012012012011,11,1,0,16524.552772411957
14.06006006006006,6,6,0,25227.00632635629
14.108108108108109,15,4,1,12931.52998923725
14.156156156156156,29,4,0,-790.5711749703769
14.204204204204204,25,5,1,5034.685419957332
14.252252252252251,1,1,0,17244.76738152041
14.3003003003003,22,7,0,15676.385514225825
14.348348348348349,12,6,0,15170.72774528175
14.396396396396396,24,4,0,7582.90351447966
14.444444444444445,29,1,0,2530.7660030641364
14.492492492492492,24,1,1,12206.092867682328
14.54054054054054,3,2,0,18863.317961283457
14.588588588588589,18,3,1,11483.022717444976
14.636636636636636,15,1,0,22084.048698315848
14.684684684684685,3,3,0,23383.9135995448
14.732732732732732,10,3,1,23586.101139003647
14.78078078078078,12,7,1,16234.993547082257
14.82882882882883,6,8,0,18045.801169210892
14.876876876876876,3,9,1,26238.88619558572
14.924924924924925,22,9,0,18355.83065452613
14.972972972972974,29,3,1,3513.281920550624
15.02102102102102,5,5,1,18409.491245273708
15.06906906906907,23,8,1,10242.387779514762
15.117117117117116,11,8,1,19371.63839950879
15.165165165165165,0,6,0,18752.039869236614
15.213213213213214,11,8,1,21273.304140643788
15.26126126126126,8,3,1,18916.159902232546
15.30930930930931,20,5,1,13741.265034307846
15.357357357357357,10,2,1,17128.924350689464
15.405405405405405,22,2,1,9624.156417707025
15.453453453453454,11,2,1,22204.000480947987
15.501501501501501,5,8,1,22274.662424071852
15.54954954954955,29,1,0,367.316265042522
15.597597597597597,28,1,0,6204.9573180402385
15.645645645645645,15,3,0,14839.012144735403
15.693693693693694,8,2,1,16661.935985933418
15.741741741741741,2,5,0,18792.970829275022
15.78978978978979,27,7,1,2188.820874304218
15.837837837837839,19,1,1,15966.060650762198
15.885885885885886,25,7,0,4595.386517054612
15.933933933933934,23,7,1,7100.7220513228385
15.981981981981981,21,3,1,16956.682204806308
16.03003003003003,19,9,0,11462.883808900373
16.07807807807808,14,7,1,15492.341121205769
16.126126126126124,20,7,0,15533.238625710837
16.174174174174176,21,6,1,8183.082781247142
16.22222222222222,29,3,1,-1930.811356335842
16.27027027027027,3,6,0,18452.876119232627
16.31831831831832,3,1,1,19962.333090850025
16.366366366366364,7,4,0,15483.631201378128
16.414414414414416,9,8,1,18498.500482167907
16.46246246246246,9,1,0,15110.899204627245
16.51051051051051,9,5,0,18818.502084975695
16.55855855855856,23,2,1,5679.620237047708
16.606606606606604,3,4,0,17848.945289877192
16.654654654654657,14,6,1,14561.901394730823
16.7027027027027,26,8,1,4932.84767560764
16.75075075075075,18,7,1,18319.68085906028
16.7987987987988,12,3,0,13757.537912179905
16.846846846846844,3,8,0,26152.042796979145
16.894894894894897,9,4,1,19820.64113065149
16.942942942942942,10,5,1,22373.697867404728
16.99099099099099,27,8,1,6586.3560158419095
17.03903903903904,13,1,1,19112.873223739865
17.087087087087085,7,1,1,20344.846739874152
17.135135135135137,7,2,0,18131.978445794415
17.183183183183182,29,9,1,188.30456224750014
17.23123123123123,21,4,1,10080.58915160986
17.27927927927928,1,6,0,18723.94248104305
17.327327327327325,12,1,1,17874.243928810676
17.375375375375377,2,2,1,20615.40531635877
17.423423423423422,2,2,0,24783.582086451017
17.47147147147147,24,4,1,14214.272059457606
17.51951951951952,1,8,1,19853.66700206999
17.567567567567565,5,4,1,16393.65560414397
17.615615615615617,8,8,0,20260.68567663899
17.663663663663662,4,1,0,19381.959360105462
17.71171171171171,0,3,1,18673.44118296384
17.75975975975976,11,5,1,20111.918124473756
17.807807807807805,2,5,0,22868.660741067986
17.855855855855857,5,7,0,17566.351235761933
17.903903903903903,21,1,1,6765.742860343722
17.95195195195195,16,2,0,17509.146333383545
18.0,8,8,0,22114.892586120804
18.04804804804805,29,7,1,-1185.3989927306466
18.096096096096097,1,6,0,21534.152305378706
18.144144144144143,17,6,0,13572.232026552814
18.19219219219219,16,8,1,18538.389831905577
18.24024024024024,3,4,1,17585.738910660977
18.28828828828829,24,7,1,14438.686825124587
18.336336336336338,27,9,0,6534.521762172328
18.384384384384383,8,9,0,19730.854735191046
18.43243243243243,20,3,1,8964.338329271694
18.48048048048048,4,2,1,23646.86289836557
18.52852852852853,16,1,0,18541.570286445374
18.576576576576578,25,9,1,6042.882137393337
18.624624624624623,3,8,1,23689.955433156185
18.67267267267267,7,8,1,18092.301266680977
18.72072072072072,28,1,1,-1458.7860095066135
18.76876876876877,3,5,1,18693.41511763419
18.816816816816818,18,9,0,11417.676790957634
18.864864864864863,29,1,0,-3721.992916991512
18.912912912912912,17,5,1,12259.477859841372
18.96096096096096,1,6,1,18654.76089499683
19.00900900900901,18,8,0,11905.053449791561
19.057057057057058,17,3,0,10977.991477410851
19.105105105105103,29,5,0,-1883.37550711738
19.153153153153152,20,8,0,15762.32286523392
19.2012012012012,29,6,1,875.5349987945774
19.24924924924925,2,1,1,22939.713825553816
19.2972972972973,5,5,1,26475.359913915567
19.345345345345343,5,5,1,22217.851525335314
19.393393393393392,12,1,1,13373.409716586346
19.44144144144144,12,3,1,14973.624819883811
19.48948948948949,21,6,0,11700.926843957775
19.53753753753754,29,6,1,16.5341567259602
19.585585585585587,2,4,1,17573.232633415064
19.633633633633632,15,1,1,14525.37296846728
19.68168168168168,27,1,1,2093.6340281862504
19.72972972972973,21,2,0,14209.709983952876
19.77777777777778,7,3,0,20746.091407178446
19.825825825825827,7,2,0,21207.06868036509
19.873873873873872,11,1,0,15692.937510470412
19.92192192192192,22,2,1,8076.076776063466
19.96996996996997,17,7,1,15654.206668004103
20.01801801801802,6,4,0,16762.19396513238
20.066066066066067,7,5,0,15694.977120546571
20.114114114114113,18,4,0,15230.384532313483
20.16216216216216,28,7,0,6337.35052681347
20.21021021021021,11,5,1,14349.560483325498
20.25825825825826,19,3,1,16148.951106833916
20.306306306306308,17,4,0,9710.053617321315
20.354354354354353,9,7,1,18154.817838102023
20.4024024024024,29,4,0,-3905.769812841798
20.45045045045045,14,4,0,19698.33307781852
20.4984984984985,21,9,0,10746.976321095797
20.546546546546548,9,2,1,24399.002063410822
20.594594594594593,25,4,0,3613.020229928992
20.64264264264264,18,4,1,12811.799306352026
20.69069069069069,0,2,1,24222.637080042878
20.73873873873874,27,6,1,-2.1693223665643018
20.786786786786788,9,4,1,20824.708577628324
20.834834834834833,28,7,0,5561.019615804988
20.882882882882882,11,5,1,15320.449683137991
20.93093093093093,17,9,1,13911.965253469518
20.97897897897898,9,6,0,24704.02203792883
21.027027027027028,26,8,0,9432.003885347985
21.075075075075073,0,2,0,18215.787551955575
21.123123123123122,22,9,1,11701.688514147812
21.17117117117117,16,3,1,17017.826725373696
21.21921921921922,10,1,0,22834.299250398763
21.26726726726727,4,1,1,17366.665813304626
21.315315315315313,24,5,1,3166.4387094078556
21.363363363363362,20,3,0,8417.573934989081
21.41141141141141,3,2,1,24339.384978796727
21.45945945945946,19,3,0,12103.708552401207
21.50750750750751,8,3,0,15273.004585590377
21.555555555555557,24,4,0,3206.1797728886468
21.603603603603602,27,5,1,3032.762631951902
21.65165165165165,29,8,1,-912.6225196221349
21.6996996996997,27,6,1,1263.8109624428907
21.74774774774775,14,2,1,20672.78883702694
21.795795795795797,23,4,0,4390.520396832286
21.843843843843842,0,2,0,18645.229346674147
21.89189189189189,19,1,1,7710.695795222409
21.93993993993994,8,2,0,20915.6856003641
21.98798798798799,7,5,0,18801.382545811113
22.036036036036037,23,1,1,4398.506777517065
22.084084084084083,13,3,1,13729.96422611541
22.13213213213213,26,2,0,1509.5925810152476
22.18018018018018,17,4,1,17523.047056504893
22.22822822822823,24,2,0,12043.664469938092
22.276276276276278,20,5,1,8662.564422519717
22.324324324324323,23,8,0,5236.799122205597
22.37237237237237,0,6,0,22735.493489139626
22.42042042042042,11,7,1,15348.333548548728
22.46846846846847,28,3,0,-1271.5092125381416
22.516516516516518,4,6,0,25167.791646839447
22.564564564564563,25,3,1,8829.847987743524
22.61261261261261,0,3,1,20388.899119389178
22.66066066066066,10,2,1,13727.073440847498
22.70870870870871,14,4,1,17885.63782102061
22.756756756756758,22,9,0,7004.295209473881
22.804804804804803,28,4,0,574.5701135736017
22.852852852852852,20,1,0,8157.1947292963105
22.9009009009009,18,8,0,15266.710860154026
22.94894894894895,4,4,0,20535.858726962026
22.996996996996998,22,9,1,15385.98533687159
23.045045045045043,3,3,0,20911.585679025236
23.093093093093092,26,5,0,1640.5191053713643
23.14114114114114,19,4,1,14316.564455255753
23.18918918918919,7,2,0,16013.471314261918
23.237237237237238,8,7,1,17115.607752672982
23.285285285285283,29,6,1,-3649.0309778133233
23.333333333333332,13,9,1,17279.527582279305
23.38138138138138,5,5,0,19113.16586573992
23.42942942942943,0,4,1,22001.907900656784
23.47747747747748,8,7,1,19832.44791823829
23.525525525525524,15,6,1,11568.98651172193
23.573573573573572,15,4,0,10543.886179386833
23.62162162162162,21,8,0,9143.95541530597
23.66966966966967,11,9,1,24716.265373097376
23.71771771771772,4,9,1,19494.33100073554
23.765765765765767,7,4,0,19052.822446603204
23.813813813813812,28,8,0,-2602.54467017933
23.86186186186186,13,9,0,20584.667624743506
23.90990990990991,26,6,0,1197.043716255992
23.95795795795796,10,8,0,19287.67641431706
24.006006006006007,20,3,1,10756.539589630385
24.054054054054053,14,8,1,12966.950941239435
24.1021021021021,17,9,0,10734.505772668637
24.15015015015015,27,1,1,-1036.270582689569
24.1981981981982,19,8,0,13918.631506244701
24.246246246246248,3,5,0,25935.1381633746
24.294294294294293,9,9,1,20073.59656625923
24.34234234234234,18,5,0,17369.591600734537
24.39039039039039,21,5,0,9346.724032034044
24.43843843843844,2,1,1,25228.61118586801
24.486486486486488,19,5,0,7043.413240638953
24.534534534534533,21,9,1,8398.645491318235
24.58258258258258,26,1,0,6567.086462828094
24.63063063063063,11,1,1,21309.08703652602
24.67867867867868,23,5,1,3939.8417632019737
24.726726726726728,28,8,1,1159.1684007392723
24.774774774774773,28,4,0,-3979.1325820308994
24.822822822822822,18,8,1,13253.88771661709
24.87087087087087,13,8,1,13772.581839853228
24.91891891891892,23,3,1,4293.882528246455
24.966966966966968,1,3,0,17530.67749305704
25.015015015015013,6,2,0,16868.708681585904
25.063063063063062,10,8,1,17874.099369068535
25.11111111111111,21,1,1,4990.113044907061
25.15915915915916,16,8,0,13589.27578136197
25.207207207207208,27,6,0,455.6811399233775
25.255255255255253,16,8,0,17358.464112489957
25.303303303303302,26,2,0,6845.018850568189
25.35135135135135,28,2,1,-2187.908200980757
25.3993993993994,3,3,0,18581.507058087594
25.44744744744745,26,5,0,-787.2822100512894
25.495495495495494,17,2,0,11372.535610155537
25.543543543543542,10,5,0,13539.26360757476
25.59159159159159,9,6,0,15006.834499677801
25.63963963963964,12,9,1,19280.789873967078
25.68768768768769,13,3,0,14533.872613751377
25.735735735735737,25,2,1,5035.9883798051305
25.783783783783782,6,7,1,21018.553314042805
25.83183183183183,6,4,0,24835.76789009763
25.87987987987988,7,1,1,16532.344807233487
25.92792792792793,8,4,0,23986.2406631286
25.975975975975977,13,6,1,19923.240480187967
26.024024024024023,24,2,0,2452.451786170879
26.07207207207207,7,4,0,15099.725739233489
26.12012012012012,16,8,0,14569.568514772984
26.16816816816817,24,2,0,5686.245591777566
26.216216216216218,22,2,0,4106.637915734051
26.264264264264263,24,8,1,9425.442513622886
26.31231231231231,15,5,1,10447.334473295741
26.36036036036036,25,3,1,4110.191182488612
26.40840840840841,8,1,1,16635.50295678451
26.456456456456458,3,4,0,17769.17555066571
26.504504504504503,6,3,0,16674.25710345637
26.55255255255255,17,5,0,8726.906703537832
26.6006006006006,7,1,0,23536.2360584759
26.64864864864865,20,1,0,7598.312317564001
26.696696696696698,25,4,1,8147.406715952211
26.744744744744743,2,9,0,20095.104507742217
26.792792792792792,28,4,1,-2875.6701919145053
26.84084084084084,16,1,1,17134.28228237824
26.88888888888889,24,5,1,4597.437603550401
26.936936936936938,18,5,1,8561.71351953046
26.984984984984983,13,1,0,12084.32969834339
27.033033033033032,23,3,0,3299.01687325646
27.08108108108108,24,6,1,2147.2352245114707
27.12912912912913,4,6,1,17743.050206695487
27.177177177177178,4,9,0,18445.592928197842
27.225225225225223,12,3,1,13214.46669904463
27.273273273273272,17,8,1,15888.305803327608
27.32132132132132,23,4,0,4468.146623324823
27.36936936936937,22,7,1,13362.316831016613
27.41741741741742,25,2,1,8927.750600737902
27.465465465465464,20,1,1,11039.511277314512
27.513513513513512,1,3,1,23717.407703857425
27.56156156156156,5,3,1,21018.874688527012
27.60960960960961,25,6,0,9439.629248428639
27.65765765765766,23,6,0,4956.0832300757065
27.705705705705707,27,2,0,-3994.6089163236793
27.753753753753752,29,3,0,-2249.354167071466
27.8018018018018,1,9,0,23309.099478525746
27.84984984984985,19,8,0,9889.061121725332
27.8978978978979,21,4,1,6434.152061113255
27.945945945945947,23,8,0,7830.979046578443
27.993993993993993,19,4,0,10508.775767184678
28.04204204204204,22,2,0,10379.666109611062
28.09009009009009,22,1,0,2534.9210620911763
28.13813813813814,7,2,0,16439.456189276607
28.186186186186188,9,1,0,20728.059825869685
28.234234234234233,17,9,0,9606.266713185949
28.28228228228228,9,9,1,22651.22192619383
28.33033033033033,22,6,0,12775.165704187555
28.37837837837838,0,4,0,21871.843842448867
28.426426426426428,19,4,0,10920.308883145153
28.474474474474473,24,2,0,1730.8132198848107
28.52252252252252,4,1,1,17740.536893631743
28.57057057057057,17,7,1,16147.293137800758
28.61861861861862,20,2,1,13260.431852702864
28.666666666666668,21,7,0,7243.201241468805
28.714714714714713,16,6,0,8711.433455356937
28.762762762762762,3,8,0,23143.821573965863
28.81081081081081,10,1,0,13842.779738881833
28.85885885885886,1,2,0,16940.19206727595
28.906906906906908,20,5,0,5800.287593093304
28.954954954954953,4,6,0,16525.424856098383
29.003003003003002,4,2,1,19386.2353976261
29.05105105105105,16,7,1,16901.072362781324
29.0990990990991,16,6,1,16595.913008905383
29.147147147147148,15,5,1,12625.251906350937
29.195195195195193,10,5,0,15568.933680500564
29.243243243243242,13,5,1,12021.748384769335
29.29129129129129,8,8,1,20637.875505406533
29.33933933933934,27,3,1,345.66875135986265
29.38738738738739,11,3,1,15617.246840725404
29.435435435435434,20,7,1,7455.169309434297
29.483483483483482,6,6,0,16161.538694207864
29.53153153153153,9,4,1,16434.049121919605
29.57957957957958,28,1,1,2151.462547808869
29.62762762762763,27,9,1,191.00072722872574
29.675675675675677,15,9,1,12282.288259784606
29.723723723723722,3,2,0,17552.6128396062
29.77177177177177,19,9,0,9559.440059131854
29.81981981981982,12,8,0,17158.158480860217
29.86786786786787,18,6,1,7051.02663012602
29.915915915915917,17,8,1,10249.140544614216
29.963963963963963,10,5,1,13825.431193464952
30.01201201201201,2,1,0,17482.155325637894
30.06006006006006,1,8,0,25165.11641090551
30.10810810810811,11,3,0,16308.507434719233
30.156156156156158,3,4,0,19396.917499596922
30.204204204204203,12,6,1,11940.848243648268
30.25225225225225,4,5,0,23082.901956301226
30.3003003003003,26,1,0,2235.289890091124
30.34834834834835,1,5,1,23105.30734172385
30.396396396396398,17,6,0,8926.013240272676
30.444444444444443,0,9,0,19717.03679840879
30.49249249249249,7,2,0,16986.31602095755
30.54054054054054,24,5,0,4652.786325498881
30.58858858858859,26,9,0,4678.05159569128
30.636636636636638,4,1,0,16673.813432267376
30.684684684684683,3,2,1,17808.174619752208
30.73273273273273,5,2,1,16591.174441236035
30.78078078078078,6,9,1,22176.664372908268
30.82882882882883,3,5,1,20635.89434688968
30.876876876876878,2,1,1,24997.266561788547
30.924924924924923,25,4,1,1902.8125530695506
30.972972972972972,8,1,1,21294.66651643779
31.02102102102102,28,8,0,1763.2480521954312
31.06906906906907,1,1,0,18007.903631635134
31.117117117117118,28,9,0,-4265.981530365389
31.165165165165163,4,2,0,20425.569302399384
31.213213213213212,26,3,0,-2865.2489006818214
31.26126126126126,0,9,0,21890.583693352022
31.30930930930931,24,6,0,6672.052804476058
31.35735735735736,13,9,1,14021.791642504424
31.405405405405403,19,3,0,5506.798496279933
31.453453453453452,9,2,1,17842.903458674296
31.5015015015015,21,4,0,2876.9655045082764
31.54954954954955,5,6,1,20437.43109490043
31.5975975975976,1,1,0,26614.862492641863
31.645645645645644,7,3,1,18414.05504276734
31.693693693693692,29,6,0,-4479.549398260293
31.74174174174174,8,9,1,20413.46427342263
31.78978978978979,22,7,0,3765.299753362642
31.83783783783784,20,3,0,8044.016962641095
31.885885885885887,7,8,0,25185.828232035517
31.933933933933933,3,8,1,22194.852616627904
31.98198198198198,21,2,0,4765.16692798306
32.030030030030034,27,9,0,4812.868214978882
32.07807807807808,12,5,1,11966.332439095626
32.126126126126124,3,4,1,23549.88791800546
32.17417417417417,6,4,1,16701.747619963833
32.22222222222222,20,3,0,5180.3251856737315
32.270270270270274,7,1,1,20827.456016484186
32.31831831831832,19,5,0,7618.867653927107
32.366366366366364,0,7,1,26674.324769038816
32.41441441441441,5,5,1,15969.857211640377
32.46246246246246,27,4,1,1456.491537054817
32.510510510510514,11,3,1,14519.585521592782
32.55855855855856,9,4,0,12815.052655781763
32.606606606606604,19,2,1,4455.351981079171
32.65465465465465,7,2,0,22709.298965522208
32.7027027027027,21,3,0,5583.909275259413
32.750750750750754,5,8,1,24733.72035583287
32.7987987987988,28,3,1,-1547.8721453688995
32.846846846846844,8,8,1,19841.847833625518
32.89489489489489,11,1,0,10965.558493096754
32.94294294294294,14,2,0,9309.17347521449
32.990990990990994,0,9,1,20610.244993388125
33.03903903903904,8,1,1,18665.790190876316
33.087087087087085,19,6,1,15142.745928322433
33.13513513513513,6,3,0,16985.219589136646
33.18318318318318,25,9,1,2526.408654039964
33.231231231231234,10,1,1,12050.978803375103
33.27927927927928,19,5,0,12359.499724308102
33.327327327327325,2,1,1,26188.8337353524
33.37537537537537,27,4,0,-173.856733519493
33.42342342342342,23,9,1,4176.935828015721
33.471471471471475,0,2,1,18012.247878527378
33.51951951951952,19,7,0,8007.544679365174
33.567567567567565,26,5,1,-2475.6777231996784
33.61561561561561,14,7,0,10988.967588364554
33.66366366366366,0,7,1,24231.43201949083
33.711711711711715,19,5,0,10683.93299486608
33.75975975975976,6,8,0,20305.60203054345
33.807807807807805,1,3,1,20256.29118195294
33.85585585585586,12,9,0,13418.800404005262
33.9039039039039,27,1,1,-538.8775508700382
33.951951951951955,25,9,1,4292.981862044062
34.0,18,7,1,9301.974577038962
34.048048048048045,13,3,1,9740.826519581595
34.0960960960961,9,7,0,14372.93545089567
34.14414414414414,4,6,1,17357.547896725686
34.192192192192195,25,4,1,-2975.346124665579
34.24024024024024,29,8,1,-1510.9581296079778
34.288288288288285,27,9,0,-1334.6417837739173
34.33633633633634,17,4,0,12170.455216556835
34.38438438438438,3,9,1,18377.93113454518
34.432432432432435,2,9,1,21065.824567979565
34.48048048048048,20,5,1,11868.83867701962
34.528528528528525,13,5,1,15618.930802715573
34.57657657657658,25,2,1,-1443.8320224283561
34.62462462462462,15,1,0,8210.386607095288
34.672672672672675,23,8,0,1270.6725684234389
34.72072072072072,4,7,1,22785.409390084613
34.768768768768766,9,3,1,13234.45338170213
34.81681681681682,4,2,0,19269.32461227877
34.86486486486486,17,1,0,8008.589484811671
34.912912912912915,18,7,0,11971.881288871487
34.96096096096096,13,2,1,15943.724548402755
35.009009009009006,13,7,0,10403.35462753625
35.05705705705706,23,8,1,1223.3219958941445
35.1051051051051,2,2,1,18168.264490263653
35.153153153153156,3,6,1,22795.759504222035
35.2012012012012,9,3,0,12700.26784945952
35.249249249249246,26,1,1,-4188.133844460601
35.2972972972973,23,3,0,1054.0088320133145
35.34534534534534,26,7,0,-4166.611913296943
35.393393393393396,22,7,0,5672.228617318251
35.44144144144144,22,4,0,4147.512456393648
35.489489489489486,12,6,0,13998.18359415491
35.53753753753754,15,5,1,8499.93306859109
35.585585585585584,2,8,0,18267.806875965296
35.633633633633636,26,4,1,-4220.163216898196
35.68168168168168,19,3,1,3714.6305772926644
35.729729729729726,6,7,1,16278.962152648934
35.77777777777778,14,2,1,18313.26889279758
35.825825825825824,16,6,1,16703.131734496048
35.873873873873876,29,2,1,-10492.987595703213
35.92192192192192,28,4,0,-8697.995625711115
35.969969969969966,15,2,1,8723.471148743274
36.01801801801802,26,1,0,42.33347678659629
36.066066066066064,8,8,0,14448.586651444572
36.114114114114116,0,4,0,22306.115035183717
36.16216216216216,10,7,0,13608.197267129879
36.21021021021021,11,5,0,13488.576234718807
36.25825825825826,13,5,1,13298.062256161205
36.306306306306304,7,4,1,18876.540603794063
36.354354354354356,6,6,0,15404.228283657325
36.4024024024024,13,5,0,16702.292865597305
36.45045045045045,21,5,0,2910.960839515681
36.4984984984985,15,1,0,15587.903261168516
36.546546546546544,9,1,1,19094.4018456754
36.5945945945946,6,6,0,17193.574596181825
36.64264264264264,21,1,0,837.9996418440023
36.69069069069069,11,7,0,12509.360727702055
36.73873873873874,18,4,1,5588.437974755974
36.786786786786784,7,9,0,17115.821696750656
36.83483483483484,28,7,1,-5836.148046927843
36.88288288288288,1,3,0,18083.848812769207
36.930930930930934,9,2,1,12647.73030092723
36.97897897897898,2,8,0,23793.92737429023
37.027027027027025,18,8,1,10665.384440373908
37.07507507507508,28,7,0,-8419.858592706172
37.12312312312312,14,8,0,11464.454085297964
37.171171171171174,5,6,1,15362.072367484328
37.21921921921922,27,9,1,286.03490151841834
37.267267267267265,22,9,0,8928.658350472499
37.31531531531532,4,2,0,15313.34122915557
37.36336336336336,29,5,0,-4785.303503688763
37.411411411411414,18,7,1,5356.487650898751
37.45945945945946,28,5,1,-1288.677195979366
37.507507507507505,14,3,1,18192.764599195063
37.55555555555556,29,8,1,236.26525360660162
37.6036036036036,18,9,0,10011.029073692584
37.651651651651655,1,6,1,26894.39951360911
37.6996996996997,12,8,1,17390.629950901744
37.747747747747745,0,7,0,19170.206860927672
37.7957957957958,9,4,1,12175.216595075482
37.84384384384384,16,4,0,13935.726813829751
37.891891891891895,2,8,1,18324.933159779528
37.93993993993994,8,3,0,12497.021663821575
37.987987987987985,19,9,0,8613.848869874766
38.03603603603604,29,2,0,-11897.143598441031
38.08408408408408,10,4,0,15318.306724055068
38.132132132132135,16,3,0,8210.126709237704
38.18018018018018,26,2,0,-4760.839524091771
38.228228228228225,27,8,1,2088.9205914148206
38.27627627627628,24,9,0,-237.5338504585343
38.32432432432432,24,8,0,1051.4643654228857
38.372372372372375,1,6,1,18219.16862625632
38.42042042042042,0,8,1,20481.12951512106
38.468468468468465,5,8,1,22034.72141346826
38.51651651651652,24,2,1,4026.117777434616
38.56456456456456,2,6,1,26582.01582510906
38.612612612612615,15,7,0,8582.805933378915
38.66066066066066,3,6,1,23688.76616046518
38.708708708708706,28,9,0,-4327.869363683007
38.75675675675676,14,9,0,13567.860325202888
38.8048048048048,5,2,1,16086.57037660175
38.852852852852855,11,6,0,16856.37353344015
38.9009009009009,19,3,0,4552.345225181254
38.948948948948946,24,6,1,5529.283806806736
38.996996996997,6,2,0,13520.716295984881
39.04504504504504,20,9,1,5828.373505796251
39.093093093093096,6,2,1,15132.637100590531
39.14114114114114,28,8,1,-5434.871221104015
39.189189189189186,19,9,1,7294.987398069541
39.23723723723724,6,6,0,19793.589724177844
39.28528528528528,2,1,0,21553.989684453103
39.333333333333336,28,2,1,-5029.673818987703
39.38138138138138,28,6,0,-920.4573609481231
39.429429429429426,6,2,1,15514.282369591767
39.47747747747748,5,5,0,21211.032701783428
39.525525525525524,27,9,0,-4236.161624837925
39.573573573573576,5,3,1,18073.550712827862
39.62162162162162,13,9,1,19199.17688376691
39.669669669669666,9,4,0,11665.049462326991
39.71771771771772,4,4,0,18488.71316835704
39.765765765765764,22,8,0,72.53413433087917
39.813813813813816,13,5,0,8539.131933567547
39.86186186186186,21,9,1,5179.454071834316
39.909909909909906,27,4,0,249.50409992251298
39.95795795795796,17,4,0,5417.119829079333
40.006006006006004,3,2,0,15393.527832153335
40.054054054054056,13,8,1,14493.394938094032
40.1021021021021,19,6,1,4261.095225517176
40.15015015015015,26,6,0,-6368.579191659028
40.1981981981982,8,8,0,19244.110239020152
40.246246246246244,25,8,1,1173.3553892308173
40.294294294294296,21,4,0,3092.621655656312
40.34234234234234,13,3,0,15317.222274560443
40.39039039039039,5,2,0,18589.731528952783
40.43843843843844,22,3,1,5749.707667207576
40.486486486486484,16,6,0,7381.059220555928
40.53453453453454,25,9,0,1209.74236410724
40.58258258258258,14,9,0,14493.793071469157
40.63063063063063,23,9,1,8711.996330609021
40.67867867867868,5,3,1,14107.024557157323
40.726726726726724,1,3,0,17617.998507944227
40.77477477477478,5,9,0,18279.489130570117
40.82282282282282,6,5,0,18432.90266218205
40.87087087087087,12,2,0,9316.473274237054
40.91891891891892,26,2,0,-6975.950790893301
40.966966966966964,10,1,1,12774.704203947174
41.01501501501502,27,3,1,-179.28360394902847
41.06306306306306,22,2,0,2521.214685147088
41.111111111111114,14,8,1,10190.250630778875
41.15915915915916,8,1,0,12964.684868452861
41.207207207207205,7,3,1,21688.174194361156
41.25525525525526,13,4,1,13498.620094989827
41.3033033033033,5,5,0,15869.653453788289
41.351351351351354,15,4,1,7292.0303681635105
41.3993993993994,27,1,1,-3661.9123077652403
41.447447447447445,10,1,1,10761.141110090619
41.4954954954955,3,7,1,20475.056787955113
41.54354354354354,10,5,0,17978.34460602421
41.591591591591595,18,4,1,7326.742421803836
41.63963963963964,25,4,0,-6500.578231576641
41.687687687687685,27,2,0,-2637.7266967654505
41.73573573573574,25,1,1,2456.1918670770738
41.78378378378378,3,8,0,23543.88468841855
41.831831831831835,29,9,0,-8222.912622765067
41.87987987987988,14,7,0,11216.722455648021
41.927927927927925,18,3,0,12799.462654191248
41.97597597597598,5,9,0,24720.091685433916
42.02402402402402,26,9,1,3049.8708996228797
42.072072072072075,4,7,0,18975.7434538542
42.12012012012012,17,5,0,4998.284226319873
42.168168168168165,5,2,1,14192.374593438995
42.21621621621622,24,9,1,6062.413595963919
42.26426426426426,3,6,1,17483.319557980634
42.312312312312315,5,5,1,22663.883834665397
42.36036036036036,8,4,1,17479.758076606835
42.408408408408405,4,6,0,15568.082926681822
42.45645645645646,26,8,0,-6864.4608935093565
42.5045045045045,17,7,0,13262.94541391162
42.552552552552555,23,7,0,732.4174602358562
42.6006006006006,24,4,0,-1294.5761369922948
42.648648648648646,1,4,0,22176.04876288064
42.6966966966967,18,3,1,10059.421733062867
42.74474474474474,1,8,1,18679.37965631371
42.792792792792795,14,4,1,9874.622367127058
42.84084084084084,17,6,0,7878.3765792808645
42.888888888888886,7,9,0,20517.757072034707
42.93693693693694,21,4,1,7255.606422765026
42.98498498498498,11,9,1,12330.097424778787
43.033033033033036,14,6,1,11521.617713907608
43.08108108108108,16,1,0,4572.487451581841
43.129129129129126,20,8,1,3117.8784778252084
43.17717717717718,1,1,1,21134.198842427522
43.22522522522522,17,2,1,9728.86306080944
43.273273273273276,29,7,1,-11776.390866590926
43.32132132132132,12,7,0,10559.20265848127
43.369369369369366,22,5,1,4011.922694151739
43.41741741741742,14,6,1,12661.759615736024
43.46546546546546,22,8,1,-213.56939127723308
43.513513513513516,0,7,1,19467.53345875106
43.56156156156156,2,1,1,17261.348930443844
43.609609609609606,19,2,0,1304.7516881263327
43.65765765765766,23,7,0,5454.6584717130445
43.705705705705704,28,7,0,-3617.7651704548225
43.753753753753756,25,5,1,1198.1590853577145
43.8018018018018,14,3,1,6929.512968787418
43.849849849849846,18,3,1,6999.524499555308
43.8978978978979,11,5,1,9846.832507641993
43.945945945945944,20,5,0,863.8314407563048
43.993993993993996,9,4,0,11026.961738012733
44.04204204204204,14,2,1,6811.030900044376
44.09009009009009,0,1,0,16916.48047286731
44.13813813813814,12,7,1,11025.99981425159
44.186186186186184,22,7,0,3593.393124864173
44.234234234234236,9,1,1,12893.052215134441
44.28228228228228,18,9,1,5260.989554782202
44.33033033033033,4,6,0,18498.597301561673
44.37837837837838,7,3,0,20849.60867447023
44.426426426426424,3,9,0,18214.559154181865
44.474474474474476,16,5,0,13190.266853666511
44.52252252252252,12,5,1,10954.400419680125
44.57057057057057,5,1,0,22278.98229983479
44.61861861861862,20,3,1,-226.10993686321308
44.666666666666664,13,6,0,10843.163379443096
44.71471471471472,16,8,1,7198.364575844391
44.76276276276276,13,8,1,11692.384333116932
44.81081081081081,18,2,0,2272.7602101450757
44.85885885885886,19,4,1,2471.972839086273
44.906906906906904,17,3,1,11867.172567143427
44.95495495495496,7,1,0,18893.954938512856
45.003003003003,26,4,1,-3245.2304160334897
45.05105105105105,17,3,1,9951.187332088428
45.0990990990991,14,3,1,7598.96060879526
45.147147147147145,29,3,1,-6892.733160300471
45.1951951951952,3,4,1,24623.365833684205
45.24324324324324,10,6,0,13946.104631777034
45.291291291291294,20,2,0,2038.1061853976553
45.33933933933934,10,8,1,21116.2531394822
45.387387387387385,1,6,0,18135.52704495624
45.43543543543544,23,4,0,3875.1153950864427
45.48348348348348,20,4,0,7412.952987901888
45.531531531531535,16,1,1,6797.329168339418
45.57957957957958,10,7,1,12991.805478712235
45.627627627627625,18,4,0,9840.616113160417
45.67567567567568,28,7,1,-11443.247816458574
45.72372372372372,26,6,0,31.60171006845121
45.771771771771775,23,2,0,-4745.616269903803
45.81981981981982,20,4,0,687.563771416595
45.867867867867865,16,4,0,4207.242556349458
45.91591591591592,2,8,1,21788.43417454092
45.96396396396396,6,9,0,16056.273202772501
46.012012012012015,9,5,0,15996.054459883855
46.06006006006006,2,8,0,23520.397013408045
46.108108108108105,20,9,0,3026.8685259441118
46.15615615615616,12,5,1,14223.647987450888
46.2042042042042,9,2,1,20407.939012794617
46.252252252252255,25,6,0,-1588.9174984246747
46.3003003003003,28,1,1,-9710.55693446333
46.348348348348345,21,4,1,8185.6482562524525
46.3963963963964,4,7,1,16969.118292601397
46.44444444444444,26,4,1,-5963.017626065473
46.492492492492495,4,1,1,24231.120475557425
46.54054054054054,9,4,1,11237.026850589504
46.588588588588586,10,7,0,13912.13424949274
46.63663663663664,12,6,1,10046.333041466953
46.68468468468468,8,2,1,16035.674850359414
46.732732732732735,1,8,0,18777.83946490968
46.78078078078078,5,4,0,13764.60844741376
46.828828828828826,7,5,1,15613.72886046141
46.87687687687688,0,8,0,19932.222020172518
46.92492492492492,26,1,1,-8996.051395301238
46.972972972972975,1,4,1,23499.763650827757
47.02102102102102,26,6,0,-2276.2597544588352
47.069069069069066,3,7,1,26193.349477795353
47.11711711711712,25,7,1,-6145.611228592985
47.16516516516516,18,8,0,7893.1280082436715
47.213213213213216,24,5,0,-6947.398850885176
47.26126126126126,18,8,1,3741.3483975450054
47.309309309309306,20,3,0,-474.4140725827274
47.35735735735736,28,1,0,-9834.710062962218
47.4054054054054,8,2,1,12623.757486919876
47.453453453453456,18,7,1,7698.561223212915
47.5015015015015,25,6,1,-5102.850166246131
47.549549549549546,24,5,1,-4894.7152550173705
47.5975975975976,7,9,1,14532.490745399447
47.645645645645644,10,8,0,11119.071473158976
47.693693693693696,27,9,1,-2383.9539459156695
47.74174174174174,28,7,0,-9274.64374460579
47.789789789789786,24,2,1,-2198.6778014202464
47.83783783783784,18,5,0,1552.3505530090206
47.885885885885884,3,9,0,24584.93802878342
47.933933933933936,12,6,0,10090.984776602481
47.98198198198198,19,2,0,5788.024189345857
48.03003003003003,13,7,1,14130.255558234527
48.07807807807808,22,3,1,-1213.6139541650482
48.126126126126124,0,8,1,28437.923111862132
48.174174174174176,10,6,0,11106.645519020025
48.22222222222222,3,8,0,23203.775784106092
48.27027027027027,6,7,0,16172.482954773415
48.31831831831832,27,7,1,-11103.854598899801
48.366366366366364,3,4,1,16562.828107803758
48.414414414414416,25,4,0,-1039.7939619408244
48.46246246246246,6,5,0,20312.83088997383
48.51051051051051,19,5,0,503.75836022269505
48.55855855855856,2,2,1,16107.261583839947
48.606606606606604,18,4,1,2701.795523274639
48.65465465465466,18,6,0,2213.1853111842374
48.7027027027027,6,2,0,13109.87762031526
48.75075075075075,20,8,1,8343.520324574873
48.7987987987988,11,6,1,11366.2136185409
48.846846846846844,22,5,0,-3532.4771535227337
48.8948948948949,0,3,1,17419.84579414922
48.94294294294294,4,1,0,19673.803977805175
48.99099099099099,13,9,0,10962.444510574234
49.03903903903904,9,8,1,21347.45514605039
49.087087087087085,2,2,0,20815.465654508556
49.13513513513514,1,2,1,16415.60158448705
49.18318318318318,12,2,1,10954.822099897865
49.231231231231234,15,8,1,14281.749558430958
49.27927927927928,22,5,1,4936.4053328274385
49.327327327327325,1,9,1,24388.549165823555
49.37537537537538,23,7,0,-4357.440668115862
49.42342342342342,12,2,0,7249.3173340780595
49.471471471471475,5,3,0,13258.407479571379
49.51951951951952,6,9,0,16683.365800324063
49.567567567567565,1,5,1,18463.201242878164
49.61561561561562,10,8,1,19117.709073408765
49.66366366366366,6,9,0,19963.6550788245
49.711711711711715,29,9,1,-10445.68205260584
49.75975975975976,6,4,0,19380.7828867265
49.807807807807805,6,3,1,13492.777883760902
49.85585585585586,6,6,0,16498.377527241566
49.9039039039039,11,7,1,14034.120146398873
49.951951951951955,18,5,0,7621.965505132021
50.0,21,6,0,3227.2191749128415
